timestamp,gesture_id,gesture_label,motion_id,motion_label,landmark_0_x,landmark_0_y,landmark_1_x,landmark_1_y,landmark_2_x,landmark_2_y,landmark_3_x,landmark_3_y,landmark_4_x,landmark_4_y,landmark_5_x,landmark_5_y,landmark_6_x,landmark_6_y,landmark_7_x,landmark_7_y,landmark_8_x,landmark_8_y,landmark_9_x,landmark_9_y,landmark_10_x,landmark_10_y,landmark_11_x,landmark_11_y,landmark_12_x,landmark_12_y,landmark_13_x,landmark_13_y,landmark_14_x,landmark_14_y,landmark_15_x,landmark_15_y,landmark_16_x,landmark_16_y,landmark_17_x,landmark_17_y,landmark_18_x,landmark_18_y,landmark_19_x,landmark_19_y,landmark_20_x,landmark_20_y
2.5916,0,Open,0,Stop,298,719,381,719,443,691,494,657,558,642,374,533,415,436,431,376,442,324,302,523,308,418,308,349,307,295,237,547,224,447,217,387,215,335,181,595,136,541,104,506,80,471
2.6458,0,Open,0,Stop,340,682,424,627,484,560,531,515,580,510,417,425,454,348,470,298,481,256,356,419,360,334,361,280,360,235,299,437,284,362,277,315,271,273,245,479,199,442,167,416,140,389
2.713,0,Open,0,Stop,360,606,436,562,493,500,542,459,594,455,434,371,467,300,484,259,495,227,376,365,379,286,380,241,378,206,322,383,303,315,298,273,294,236,272,420,224,389,191,369,164,347
2.7813,0,Open,0,Stop,366,584,445,548,504,489,551,448,597,443,439,366,474,296,492,254,502,223,383,360,389,280,391,235,391,201,332,375,316,304,311,261,307,226,283,409,239,379,207,356,180,332
2.8493,0,Open,0,Stop,369,582,447,549,508,490,555,446,600,443,443,368,478,299,497,259,509,228,389,361,396,282,400,236,401,200,338,376,323,304,317,260,313,225,290,410,246,375,214,351,188,327
2.9168,0,Open,0,Stop,377,580,453,546,515,488,562,446,608,438,452,369,486,300,504,259,516,227,398,361,404,283,408,236,409,200,347,376,333,306,327,262,324,226,300,409,254,373,222,348,195,323
2.9837,0,Open,0,Stop,389,575,465,540,522,482,567,440,612,434,463,366,498,298,516,257,528,225,409,360,415,283,419,237,419,201,360,374,343,305,337,262,332,227,313,406,266,371,232,344,203,319
3.0516,0,Open,0,Stop,400,572,469,538,518,477,554,429,596,416,476,368,512,301,532,259,544,225,423,360,429,286,432,241,432,204,375,373,358,306,351,262,345,225,329,405,280,366,246,337,218,309
3.1167,0,Open,0,Stop,411,570,467,531,507,480,523,423,522,375,488,380,519,316,534,277,545,241,437,369,436,295,437,250,440,211,391,383,371,314,365,269,366,226,349,414,320,372,312,344,313,316
3.183,0,Open,0,Stop,421,572,476,537,508,476,506,419,481,375,496,380,520,326,528,296,531,289,447,370,435,300,439,270,451,274,404,386,378,319,387,292,407,292,364,418,367,379,391,376,418,393
3.252,1,Close,0,Stop,425,572,482,542,508,473,501,410,481,363,504,398,529,341,535,317,532,325,458,389,452,307,462,290,468,306,415,402,400,322,423,328,440,353,377,429,401,406,427,430,442,463
3.3169,1,Close,0,Stop,435,569,492,542,516,467,504,401,467,360,518,411,542,340,540,349,528,379,469,401,473,311,484,328,486,353,425,409,424,328,444,369,450,407,389,429,423,414,443,450,446,479
3.3838,1,Close,0,Stop,441,571,497,538,523,463,507,400,475,357,528,418,555,346,546,391,531,424,481,410,498,330,499,388,494,412,437,414,454,348,466,407,460,434,399,431,435,418,450,458,443,475
3.4501,1,Close,0,Stop,446,571,502,536,527,462,512,398,482,355,535,419,565,354,558,396,540,428,490,410,508,335,510,389,504,416,448,415,466,359,476,416,470,441,409,431,442,418,456,457,450,471
3.5187,1,Close,0,Stop,447,572,506,535,529,462,516,396,487,352,538,421,569,357,559,397,538,429,494,413,512,338,514,389,506,419,452,418,471,363,482,415,473,440,413,433,451,418,462,454,451,472
3.5838,1,Close,0,Stop,448,574,509,539,534,468,523,400,503,349,538,424,564,356,566,379,551,416,496,415,510,335,515,377,511,412,455,417,473,352,484,398,479,432,417,430,456,405,474,442,473,470
3.6512,0,Open,0,Stop,450,583,511,549,551,488,560,428,570,379,538,406,563,361,579,331,592,311,496,395,501,333,516,301,533,282,453,402,451,337,461,300,475,270,411,424,410,372,414,336,422,304
3.7177,0,Open,0,Stop,455,582,521,556,562,502,596,456,641,445,536,391,577,328,602,284,617,248,484,377,490,295,493,244,492,201,435,387,416,314,407,265,399,223,390,419,350,373,323,343,301,314
3.7846,0,Open,0,Stop,446,587,516,558,570,507,616,473,660,472,528,387,569,323,591,281,606,249,475,375,485,296,488,248,489,210,425,385,411,315,406,270,402,234,379,416,336,378,306,351,283,326
3.8489,0,Open,0,Stop,443,586,511,557,567,508,617,479,663,483,521,382,562,319,584,278,597,246,469,372,479,294,483,248,484,212,419,384,408,313,403,269,400,232,372,417,329,378,299,353,275,328
3.9154,0,Open,0,Stop,439,587,511,558,570,510,621,483,665,491,517,383,558,317,579,277,592,245,465,372,475,293,480,246,481,210,416,385,403,312,398,267,394,230,369,418,325,379,296,354,273,329
3.9857,0,Open,0,Stop,438,589,509,560,569,513,622,488,669,494,516,383,556,316,577,276,591,244,463,372,472,291,475,244,476,209,413,386,400,312,394,267,390,229,365,419,322,380,293,355,269,331
4.0439,0,Open,0,Stop,435,591,507,562,569,515,625,489,673,495,515,384,556,317,576,278,590,246,462,374,471,293,474,246,474,211,411,387,398,314,392,269,389,232,364,420,321,382,292,357,269,332
4.0759,0,Open,0,Stop,435,593,508,563,570,515,625,488,673,494,515,384,556,317,576,276,589,243,461,374,470,293,473,245,473,209,411,388,398,315,392,270,388,232,363,421,320,383,291,358,269,333
4.1106,0,Open,0,Stop,434,594,508,564,570,514,626,487,674,494,514,385,555,317,575,277,589,244,461,375,469,293,473,245,473,209,410,388,397,315,391,269,388,231,363,422,320,384,291,358,268,333
4.1426,0,Open,0,Stop,434,594,508,564,570,514,625,486,672,491,514,386,555,318,575,276,589,243,461,375,469,293,473,245,473,209,411,389,397,315,391,269,388,231,363,422,321,384,292,357,271,332
4.1746,0,Open,0,Stop,435,595,507,565,569,514,622,483,670,488,514,388,554,318,574,275,589,240,461,376,470,294,474,245,475,208,411,389,398,315,393,269,390,230,363,422,320,382,292,355,270,328
4.2072,0,Open,0,Stop,438,595,510,564,568,510,618,475,664,476,515,388,552,318,572,273,586,235,461,377,469,296,473,247,475,208,411,390,398,317,393,269,390,229,364,423,321,382,291,353,268,325
4.2419,0,Open,0,Stop,439,594,510,564,564,508,609,469,655,466,516,389,554,318,574,272,587,233,463,379,471,297,474,247,475,208,413,391,400,317,394,269,390,230,366,423,322,381,292,350,268,321
4.2752,0,Open,0,Stop,441,593,509,564,558,508,602,467,648,461,517,391,555,320,573,274,585,236,464,381,474,299,477,249,477,209,415,392,401,318,396,270,393,231,367,423,323,378,293,347,270,316
4.3095,0,Open,0,Stop,443,594,511,564,559,508,601,465,647,457,517,392,555,321,573,276,584,238,464,382,474,301,476,251,475,210,415,393,401,319,397,271,393,232,368,423,323,380,294,348,270,317
4.3435,0,Open,0,Stop,444,593,512,562,562,507,604,464,649,457,517,392,555,322,574,277,585,240,464,382,473,301,475,251,472,211,415,393,401,320,396,273,391,234,368,424,323,380,293,349,268,320
4.3741,0,Open,0,Stop,444,594,512,563,562,507,605,464,650,457,516,391,554,321,573,276,584,240,463,381,472,301,474,251,472,212,414,393,401,320,395,272,391,234,367,424,322,381,292,350,267,321
4.4103,0,Open,0,Stop,443,594,511,563,562,507,605,465,650,459,515,390,553,321,572,276,583,240,463,381,472,300,474,251,472,211,414,393,401,320,396,272,392,234,367,424,321,381,292,351,268,321
4.4436,0,Open,0,Stop,442,594,511,563,562,507,606,465,651,459,515,390,553,320,571,276,582,240,463,381,472,300,474,251,472,211,414,392,401,320,397,273,394,235,366,423,323,380,295,349,272,318
4.4742,0,Open,0,Stop,441,593,510,562,561,507,605,466,651,461,515,390,553,320,571,275,581,239,464,381,473,300,476,250,475,210,415,392,404,320,401,274,398,236,367,422,326,379,299,348,277,318
4.5086,0,Open,0,Stop,441,594,510,563,560,507,605,466,651,460,515,391,553,320,571,276,582,239,464,381,474,300,477,251,478,211,415,392,404,319,401,272,399,234,367,422,326,377,300,346,279,315
4.5432,0,Open,0,Stop,441,594,510,564,560,507,604,463,651,456,516,391,553,320,571,275,582,238,464,381,474,300,478,251,478,211,415,392,403,318,400,271,398,233,367,422,326,377,299,345,278,314
4.5745,0,Open,0,Stop,441,595,508,564,555,505,596,457,643,448,517,391,553,321,571,275,581,238,465,382,474,301,478,252,477,210,417,393,405,318,402,269,399,227,370,424,328,377,301,343,280,310
4.6452,0,Open,0,Stop,448,594,503,554,535,500,551,445,579,403,518,394,549,323,563,275,574,233,469,385,474,305,475,251,476,204,425,400,414,328,411,280,414,234,381,432,356,390,348,358,348,326
4.6761,0,Open,0,Stop,450,597,506,557,535,502,539,440,544,386,519,396,546,327,558,283,569,242,472,389,472,312,475,263,481,224,429,405,412,335,414,294,425,263,389,436,363,383,370,361,390,351
4.7123,0,Open,0,Stop,448,595,506,553,533,492,528,432,514,382,515,395,539,337,550,302,558,275,470,388,460,317,467,280,479,259,430,405,409,332,421,306,441,297,393,436,378,379,396,368,424,377
4.7429,0,Open,0,Stop,449,586,502,553,527,490,515,427,498,381,519,393,543,343,551,313,555,306,475,383,469,308,475,282,487,287,436,400,412,329,426,313,449,322,397,433,390,384,411,381,438,399
4.7763,0,Open,0,Stop,447,585,501,550,526,487,515,425,495,377,517,400,541,341,546,317,547,325,474,391,469,314,476,289,485,302,434,406,414,330,433,322,457,345,395,436,398,390,422,394,445,421
4.8102,1,Close,0,Stop,447,583,504,551,528,478,512,415,478,375,520,402,542,339,545,324,542,346,475,394,471,316,479,297,487,316,433,409,418,332,437,332,454,361,395,436,408,399,431,411,448,442
4.8432,1,Close,0,Stop,446,579,506,550,530,472,508,407,469,369,522,407,541,340,543,334,537,363,475,399,473,318,481,311,486,336,433,410,419,332,437,343,448,373,394,435,415,409,437,432,447,463
4.8792,1,Close,0,Stop,449,579,507,548,528,468,501,401,458,363,522,416,540,346,541,352,535,381,476,407,478,320,491,333,496,362,432,415,428,332,450,362,459,396,393,436,419,412,441,443,447,472
4.9089,1,Close,0,Stop,450,578,506,546,525,464,497,399,454,360,523,419,542,344,542,363,534,399,477,411,482,320,494,348,498,381,433,417,433,335,453,375,458,409,393,437,422,414,441,450,442,476
4.9455,1,Close,0,Stop,447,580,504,545,523,465,496,400,455,357,529,423,548,346,543,375,532,414,481,414,488,326,494,368,496,397,435,419,440,338,454,386,454,419,394,437,424,416,440,454,437,477
4.9739,1,Close,0,Stop,447,581,502,546,520,465,496,402,461,359,528,424,550,349,542,390,530,426,481,417,494,330,496,385,493,412,435,422,446,346,458,402,454,430,394,440,425,417,439,458,434,478
5.0119,1,Close,0,Stop,446,583,502,543,520,466,499,403,465,359,528,421,550,354,543,399,528,432,481,416,494,337,498,394,492,420,435,424,449,357,464,414,455,439,394,443,428,420,442,459,432,476
5.044,1,Close,0,Stop,447,584,502,544,520,465,498,401,463,359,528,421,550,356,544,402,528,433,480,416,496,337,500,393,492,421,436,426,451,362,466,419,455,442,396,445,429,422,442,460,430,475
5.0777,1,Close,0,Stop,447,584,504,543,522,464,499,401,462,360,526,421,552,358,546,404,529,434,480,417,498,339,502,396,492,422,435,427,452,367,468,423,456,445,395,445,430,423,445,461,432,475
5.1087,1,Close,0,Stop,447,584,504,544,522,465,499,403,463,362,525,423,552,359,546,407,530,435,480,419,498,341,503,399,493,424,436,429,454,369,470,425,458,446,396,446,431,423,446,461,433,476
5.1461,1,Close,0,Stop,446,585,503,543,521,465,499,402,463,362,525,425,551,360,545,407,529,436,480,420,498,343,502,400,493,424,436,430,453,371,469,426,457,448,396,447,431,424,446,462,434,477
5.2148,1,Close,0,Stop,444,584,500,544,520,466,501,401,463,361,526,424,553,361,546,404,529,436,483,419,499,344,502,396,494,423,440,428,455,371,469,421,461,445,400,445,434,420,447,457,438,476
5.2843,1,Close,0,Stop,442,579,497,543,520,471,507,402,482,353,526,419,550,351,544,395,529,430,483,413,496,340,501,392,496,419,441,420,456,363,471,418,466,445,400,438,435,413,454,451,451,473
5.3481,0,Open,0,Stop,444,582,501,546,535,475,536,410,543,363,519,406,535,354,548,327,556,324,478,399,480,330,493,309,505,326,439,411,433,338,446,323,461,342,397,435,405,389,423,376,443,386
5.4141,0,Open,0,Stop,444,575,507,546,545,486,572,435,608,416,516,389,550,323,569,277,582,240,466,376,470,292,475,237,478,192,419,387,405,310,399,257,394,210,375,418,339,369,315,335,296,301
5.4742,0,Open,0,Stop,440,581,505,550,549,493,589,451,632,448,504,380,545,310,565,264,576,226,452,370,456,288,456,236,452,193,403,383,388,310,381,262,376,222,359,417,314,378,282,352,257,327
5.5092,0,Open,0,Stop,432,582,499,551,549,498,593,461,638,463,501,378,539,307,560,262,573,226,448,368,452,285,452,234,450,194,398,382,382,309,374,262,368,224,354,417,309,381,279,356,254,331
5.5434,0,Open,0,Stop,430,583,497,552,550,500,596,466,641,468,498,376,537,306,557,261,570,226,445,367,450,285,452,235,451,197,395,381,379,308,371,263,366,225,350,416,305,380,274,356,250,332
5.5798,0,Open,0,Stop,427,581,494,551,549,502,598,471,643,473,495,376,536,306,556,263,569,228,442,367,448,285,450,235,450,197,393,382,377,309,370,263,365,225,347,417,303,381,272,357,248,333
5.6474,0,Open,0,Stop,425,583,493,553,549,505,600,477,647,478,495,378,535,308,556,264,569,229,441,368,447,286,449,236,449,198,391,383,375,310,368,263,363,225,345,418,300,382,270,358,246,334
5.7175,0,Open,0,Stop,423,585,490,554,549,507,602,481,650,484,494,380,535,309,556,266,570,231,440,370,446,286,449,236,450,198,389,385,374,310,367,264,362,224,343,420,299,383,269,359,246,334
5.7814,0,Open,0,Stop,422,585,489,555,548,508,600,481,648,485,491,380,533,310,553,266,567,231,438,370,445,286,448,236,448,198,388,385,372,311,364,264,360,225,342,421,298,383,268,359,245,334
5.8476,0,Open,0,Stop,422,585,489,554,547,507,598,479,644,481,492,380,533,310,553,265,567,228,438,371,444,287,447,237,447,198,388,385,372,311,365,264,360,224,341,420,296,383,265,358,241,333
5.9148,0,Open,0,Stop,422,586,489,554,545,504,595,474,641,477,492,379,534,308,555,263,569,226,439,369,446,286,449,235,448,197,389,383,374,309,367,262,363,222,342,418,295,379,262,352,237,326
5.9809,0,Open,0,Stop,422,581,489,550,546,502,597,473,643,478,493,378,533,307,554,262,568,226,439,368,446,286,448,236,447,197,389,383,373,309,366,263,361,224,342,417,294,379,261,352,233,326
6.0464,0,Open,0,Stop,421,581,488,549,547,500,598,471,644,477,493,377,533,307,554,262,568,226,439,368,447,285,449,235,448,195,390,381,374,308,368,261,363,222,342,415,295,376,262,349,235,321
6.113,0,Open,0,Stop,420,581,489,550,547,500,598,469,643,475,494,378,534,308,555,263,569,226,441,368,448,286,451,236,451,196,391,381,375,308,369,261,365,222,344,414,297,374,264,346,237,319
6.183,0,Open,0,Stop,421,581,489,550,545,500,595,468,641,471,494,377,534,307,555,261,568,224,441,367,448,285,451,234,451,194,391,380,376,306,370,258,365,219,344,413,297,372,265,343,240,314
6.2504,0,Open,0,Stop,423,580,489,549,546,500,594,467,638,470,495,378,535,307,554,261,567,223,442,368,450,284,453,233,452,193,392,381,378,306,373,258,369,219,345,413,301,371,271,341,247,311
6.3121,0,Open,0,Stop,425,579,491,548,546,499,593,466,638,468,496,377,535,306,554,260,566,223,443,367,452,284,454,232,454,191,394,380,380,305,375,257,372,218,347,412,303,369,275,338,253,308
6.3439,0,Open,0,Stop,426,579,492,547,546,498,592,465,638,467,495,377,535,307,554,261,565,223,443,367,452,284,455,233,454,192,394,380,381,305,376,257,372,218,348,412,305,368,277,337,256,306
6.3743,0,Open,0,Stop,426,579,493,547,547,498,592,464,637,466,495,377,534,306,553,261,564,223,444,368,452,284,455,233,454,192,395,380,382,305,377,258,374,218,348,411,307,367,280,336,259,305
6.4091,0,Open,0,Stop,426,577,493,546,546,496,592,462,636,465,495,377,534,305,552,259,564,221,444,367,452,283,455,232,455,191,396,378,383,303,378,255,374,216,350,409,311,364,285,333,265,303
6.446,0,Open,0,Stop,426,576,492,544,546,495,592,460,636,462,496,376,535,304,554,258,565,220,445,366,453,282,455,231,455,191,397,378,383,303,378,256,374,217,351,408,315,361,291,329,273,298
6.4747,0,Open,0,Stop,427,576,493,545,545,494,590,458,636,458,497,376,537,305,555,259,567,221,446,366,454,283,456,232,455,192,398,377,384,304,379,256,375,217,352,407,315,360,292,327,273,296
6.5106,0,Open,0,Stop,427,575,493,544,545,494,589,456,634,454,498,376,538,305,557,259,568,221,447,366,454,282,457,232,455,191,399,377,384,303,378,255,373,215,354,407,316,360,292,326,273,294
6.5444,0,Open,0,Stop,427,573,494,544,543,491,585,451,628,449,500,377,540,306,560,259,571,221,449,366,455,282,458,231,456,190,401,377,384,302,377,253,371,213,356,407,316,358,292,324,272,292
6.5776,0,Open,0,Stop,429,570,493,543,537,494,575,452,617,439,502,378,542,308,562,262,575,222,451,365,457,281,459,229,458,186,404,376,385,300,377,250,371,208,360,406,319,358,293,323,273,289
6.6168,0,Open,0,Stop,434,571,493,543,534,498,561,453,592,425,504,379,540,311,559,266,571,227,453,365,458,281,460,229,460,184,405,376,388,300,379,248,372,204,362,407,323,358,297,323,277,289
6.6763,0,Open,0,Stop,434,569,491,536,535,492,546,444,527,404,505,378,535,318,548,283,556,252,455,366,458,289,463,242,465,202,408,379,395,308,389,261,387,216,364,412,338,367,324,335,317,301
6.7124,0,Open,0,Stop,433,569,487,534,530,489,539,438,512,400,505,378,534,321,545,289,551,264,456,366,460,294,465,251,470,217,411,379,396,313,394,272,398,233,367,410,347,369,342,342,347,315
6.7753,0,Open,0,Stop,433,572,492,540,533,485,531,428,494,394,507,377,531,326,537,298,542,287,459,365,456,296,462,257,474,244,416,380,395,311,398,275,415,265,372,411,355,362,363,343,386,346
6.8779,0,Open,0,Stop,433,568,490,536,525,478,519,419,485,382,505,375,528,324,535,300,540,300,459,365,457,298,463,264,475,260,418,380,399,312,408,289,426,292,376,413,374,370,393,369,417,389
6.9212,0,Open,0,Stop,433,568,487,538,520,478,518,419,487,381,502,376,528,327,535,303,536,308,458,367,458,300,465,265,475,262,416,383,399,317,409,293,428,292,376,417,377,377,398,378,423,397
6.9778,0,Open,0,Stop,431,569,486,539,516,481,514,423,486,382,500,379,526,328,532,304,533,313,455,369,457,302,462,265,472,262,414,386,398,321,406,295,424,291,375,420,372,385,395,389,423,409
7.0223,0,Open,0,Stop,429,571,483,542,514,483,511,425,485,382,498,381,524,330,530,305,532,312,454,370,455,303,460,265,470,261,412,387,397,321,406,297,425,293,372,420,371,386,393,392,420,412
7.0768,0,Open,0,Stop,427,575,481,544,513,486,510,427,483,383,494,384,518,333,524,310,528,311,449,374,451,308,457,268,468,253,408,391,392,326,399,297,416,287,367,426,366,386,388,388,416,405
7.1087,0,Open,0,Stop,426,577,480,543,513,488,511,429,484,386,494,385,513,338,519,314,525,309,448,376,450,313,455,275,468,253,406,392,393,327,398,298,413,284,365,426,365,385,386,384,412,397
7.1418,0,Open,0,Stop,424,578,479,543,512,489,513,431,487,388,492,387,512,343,518,317,526,308,447,377,448,313,454,274,467,253,404,393,391,328,397,299,414,286,363,427,361,384,380,381,406,393
7.1764,0,Open,0,Stop,421,580,477,544,511,491,513,432,487,389,490,390,509,345,516,319,524,306,445,380,446,314,452,275,465,251,403,395,391,329,396,298,411,282,362,428,358,384,376,379,401,388
7.2086,0,Open,0,Stop,420,581,477,545,511,492,512,434,487,390,490,391,507,346,514,320,523,304,444,382,445,316,450,277,463,250,402,396,390,329,394,295,408,275,360,428,355,382,373,376,397,382
7.2426,0,Open,0,Stop,419,582,476,546,510,492,513,433,487,389,490,394,507,348,515,320,524,299,445,384,446,318,451,278,462,245,403,397,392,328,394,291,404,265,360,426,355,379,371,370,394,372
7.276,0,Open,0,Stop,418,583,470,546,506,492,511,437,492,389,490,392,509,342,517,310,524,282,444,381,447,312,452,270,459,233,400,394,392,329,392,290,397,250,356,425,351,381,355,354,364,324
7.3094,0,Open,0,Stop,416,584,471,546,507,493,512,437,503,387,488,395,511,338,521,300,529,265,443,384,447,309,452,262,458,219,399,395,390,322,389,274,391,230,356,422,344,369,337,331,334,293
7.3426,0,Open,0,Stop,416,583,472,546,509,495,517,441,526,391,488,394,515,330,528,286,537,246,442,384,446,305,450,253,453,207,398,395,389,319,387,268,388,222,355,422,336,366,323,326,314,286
7.3753,0,Open,0,Stop,414,583,472,548,509,497,521,443,540,397,489,393,518,326,533,280,543,239,442,381,448,303,450,250,452,204,397,391,390,318,387,268,387,224,353,418,331,366,317,328,305,291
7.408,0,Open,0,Stop,413,584,475,548,514,494,531,438,559,399,490,389,520,320,536,274,546,233,442,378,449,300,451,249,452,204,397,388,393,317,392,270,392,228,352,414,330,363,316,327,305,292
7.4418,0,Open,0,Stop,411,584,479,552,526,489,555,432,597,415,492,385,523,317,539,272,549,234,443,376,449,299,452,249,453,210,398,385,394,316,395,271,396,234,353,410,331,361,318,328,308,296
7.4752,0,Open,0,Stop,412,585,483,553,533,492,570,441,612,424,493,384,526,315,542,271,553,234,444,375,452,298,456,250,457,214,399,384,396,316,399,273,401,238,353,409,331,361,319,327,310,297
7.5083,0,Open,0,Stop,413,586,488,553,542,491,582,443,623,426,493,384,526,315,543,272,555,236,445,376,453,300,457,252,459,217,399,384,397,316,401,275,403,242,353,408,333,361,320,329,310,299
7.5415,0,Open,0,Stop,415,585,490,552,545,488,587,441,629,427,494,385,528,315,545,273,557,238,445,375,455,297,458,250,459,214,399,384,398,314,402,273,405,241,352,408,332,361,319,328,309,299
7.5745,0,Open,0,Stop,415,585,491,553,546,492,587,445,631,430,494,386,528,317,545,275,557,240,446,376,456,298,459,251,461,215,399,384,398,315,401,274,404,241,352,408,331,360,319,328,309,298
7.609,0,Open,0,Stop,414,587,490,554,546,494,588,447,631,431,493,388,528,319,546,276,558,241,445,378,456,299,459,252,461,215,399,386,398,316,401,274,403,241,351,409,330,362,318,329,308,300
7.6428,0,Open,0,Stop,414,589,489,556,545,495,587,449,629,432,492,389,527,319,544,277,557,241,444,379,455,300,459,252,460,216,397,387,396,317,399,275,402,241,349,412,329,364,316,331,306,301
7.6762,0,Open,0,Stop,413,590,488,557,544,497,586,449,629,432,491,390,525,320,542,276,555,240,442,380,453,301,456,252,458,214,395,389,394,317,396,275,399,241,347,413,326,365,313,332,304,302
7.71,0,Open,0,Stop,411,594,486,560,542,499,584,451,627,433,488,392,523,320,540,276,553,240,439,382,450,301,454,251,455,214,393,390,391,318,393,274,396,240,345,415,323,367,310,334,300,303
7.742,0,Open,0,Stop,409,597,485,563,540,502,582,454,625,434,486,394,521,322,538,277,551,240,437,384,448,302,451,252,452,213,390,393,388,319,390,275,393,239,341,419,319,370,305,336,295,305
7.7748,0,Open,0,Stop,407,601,483,566,538,505,580,456,623,436,484,396,518,323,535,278,548,240,434,386,444,304,448,252,449,213,386,396,384,321,386,276,389,240,338,422,315,372,301,338,290,307
7.808,0,Open,0,Stop,405,605,480,570,535,509,577,460,621,438,481,398,515,325,533,278,545,239,431,388,441,305,445,252,446,212,382,398,380,322,381,276,384,238,334,425,310,375,295,341,284,308
7.8409,0,Open,0,Stop,402,609,477,575,532,514,574,463,619,442,478,402,513,328,531,280,543,240,427,392,438,306,441,253,442,212,379,401,376,324,377,277,380,238,329,429,304,378,289,342,278,309
7.8742,0,Open,0,Stop,398,614,474,579,529,519,572,468,616,446,473,406,509,330,527,282,540,241,422,395,433,308,436,254,437,211,373,405,370,326,372,278,374,239,323,433,297,381,281,345,269,312
7.9088,0,Open,0,Stop,394,622,471,587,525,525,568,474,614,451,469,410,505,334,523,284,536,243,417,400,427,311,430,255,431,212,367,410,364,329,365,279,367,238,317,439,289,386,272,350,258,316
7.9449,0,Open,0,Stop,384,633,464,596,519,533,564,483,609,461,463,417,499,339,518,288,530,246,410,406,419,314,422,258,422,213,358,417,355,334,355,282,357,240,307,447,278,393,260,357,246,322
7.9775,0,Open,0,Stop,376,651,457,612,512,545,556,495,603,473,454,426,491,345,509,292,521,249,398,415,408,321,411,262,411,215,345,428,342,342,342,288,342,244,293,461,263,408,245,372,230,337
8.0078,0,Open,0,Stop,362,671,444,633,502,565,549,512,597,489,443,440,480,355,497,301,508,255,384,429,393,330,395,268,396,218,329,443,324,354,323,299,323,253,276,478,244,425,224,389,209,354
8.0424,0,Open,0,Stop,348,695,433,657,493,587,541,532,588,508,429,458,465,369,482,312,494,263,367,447,374,344,376,278,376,226,310,463,302,370,299,312,299,264,255,502,219,448,197,410,180,374
8.0802,0,Open,0,Stop,337,719,422,682,481,613,530,559,579,533,413,480,449,388,467,328,479,278,347,470,351,362,351,293,351,236,286,488,276,390,272,328,270,275,231,531,191,475,167,434,148,395
8.1105,0,Open,0,Stop,322,719,407,709,467,644,516,591,564,564,394,507,431,411,450,348,463,294,325,496,327,384,326,311,325,252,263,516,249,413,243,344,240,289,208,561,164,502,135,458,114,417
8.1449,0,Open,0,Stop,282,719,369,719,433,693,483,645,534,610,369,541,407,440,425,373,436,315,296,531,299,416,297,338,295,272,230,555,216,446,206,373,200,312,171,605,126,541,95,495,71,450
8.1814,0,Open,0,Stop,257,719,335,719,395,719,434,701,488,675,340,583,378,475,394,404,403,342,260,575,257,453,250,370,244,300,189,603,166,486,154,407,145,342,129,658,70,587,27,540,-6,495
8.2105,0,Open,0,Stop,221,719,294,719,352,719,387,719,420,719,299,646,336,530,351,461,358,402,212,643,196,515,177,433,161,369,140,680,100,557,72,477,52,412,87,719,13,682,-39,646,-76,612
